{
    "accuracy": 0.3968253968253968,
    "mean_absolute_error": 0.8253968253968254,
    "R_Squared": -0.9580419580419581,
    "f1_score": 0.3968253968253968
}