{
  "sessioni": [
    {
    "id_applicazione": 3,
    "id_sessione": 0,
    "label": "relaxed",
    "canale_1": [
        null,
        6.396484375,
        4.248046875,
        6.396484375,
        3.22265625,
        8.251953125,
        4.73632812
    ],
    "canale_2": [
        null,
        6.396484375,
        4.248046875,
        6.396484375,
        3.22265625,
        8.251953125,
        4.736328125
    ]
    },
    {
    "id_applicazione": 3,
    "id_sessione": 1,
    "id_utente": 1,
    "label": "relaxed",
    "canale_1": [
        null,
        6.396484375,
        4.248046875,
        6.396484375,
        3.22265625,
        8.251953125,
        4.736328125

    ],
    "canale_2": [
        null,
        6.396484375,
        4.248046875,
        6.396484375,
        3.22265625,
        8.251953125,
        4.736328125
    ]
  }
  ]
}
