{
    "messaggi_disaccordo": [
        1618763437.116458,
        1618763445.140967,
        1618763453.385548,
        1618763648.029811
    ],
    "canzoni_ascoltate": [
        1618763393.446375,
        1618763401.277319,
        1618763411.168358,
        1618763420.634301,
        1618763428.587727,
        1618763437.116458,
        1618763445.140967,
        1618763453.385548,
        1618763648.029811,
        1618763657.143024,
        1618763666.849028,
        1618763674.856179
    ]
}